person40, faculty
person279, faculty
person394, faculty
person201, faculty
person165, faculty
person298, faculty
person331, faculty
person324, faculty
person52, faculty
person351, faculty
person342, faculty
person72, faculty
person375, faculty_emeritus
person211, faculty
person79, faculty
person407, faculty
person235, faculty
person378, faculty
person150, faculty
person335, faculty
person46, faculty
person213, faculty
person373, faculty
person319, faculty
person240, faculty
person124, faculty
person292, faculty_affiliate
person290, faculty
person179, faculty
person234, faculty
person82, faculty
person98, faculty
person171, faculty
person107, faculty
person5, faculty
person180, faculty
person22, faculty_emeritus
person104, faculty
person415, faculty
person293, faculty_affiliate
person189, faculty_adjunct
person168, faculty
person101, faculty
person297, faculty_emeritus
person103, faculty_affiliate
