person100, post_quals
person113, post_generals
person116, pre_quals
person118, post_generals
person122, post_quals
person126, post_quals
person129, post_generals
person13, post_generals
person130, post_generals
person139, post_quals
person14, post_generals
person141, post_generals
person142, post_generals
person148, post_quals
person149, post_quals
person15, post_quals
person154, post_quals
person155, pre_quals
person157, post_quals
person159, post_quals
person161, post_generals
person163, post_quals
person172, pre_quals
person175, post_generals
person176, post_quals
person18, pre_quals
person182, post_quals
person183, pre_quals
person186, pre_quals
person187, pre_quals
person19, pre_quals
person191, post_quals
person193, pre_quals
person20, pre_quals
person200, post_quals
person204, post_generals
person205, pre_quals
person206, post_generals
person208, post_quals
person21, post_generals
person212, post_generals
person217, post_generals
person218, post_generals
person222, pre_quals
person226, post_quals
person228, post_quals
person233, pre_quals
person239, post_quals
person241, post_quals
person242, post_generals
person249, post_generals
person253, post_generals
person255, post_generals
person257, post_generals
person262, post_generals
person263, post_generals
person265, post_generals
person266, post_quals
person27, pre_quals
person270, pre_quals
person272, post_quals
person275, post_generals
person276, pre_quals
person277, pre_quals
person278, pre_quals
person280, pre_quals
person283, pre_quals
person284, post_quals
person286, post_quals
person288, post_generals
person299, pre_quals
person300, post_generals
person303, post_quals
person309, post_quals
person311, post_quals
person312, pre_quals
person314, post_generals
person318, pre_quals
person320, post_quals
person333, pre_quals
person343, pre_quals
person348, post_quals
person352, post_generals
person353, post_quals
person357, post_quals
person361, post_generals
person362, post_quals
person363, pre_quals
person368, post_generals
person37, pre_quals
person374, post_generals
person376, post_quals
person377, pre_quals
person380, post_generals
person381, post_generals
person382, post_quals
person383, pre_quals
person384, post_quals
person390, pre_quals
person391, post_quals
person398, pre_quals
person402, pre_quals
person403, post_generals
person404, post_generals
person406, post_generals
person408, pre_quals
person41, post_quals
person411, post_generals
person412, post_quals
person416, pre_quals
person417, pre_quals
person418, post_quals
person419, post_generals
person42, pre_quals
person422, post_quals
person426, post_quals
person427, post_quals
person429, post_quals
person431, pre_quals
person432, post_quals
person435, post_quals
person45, post_generals
person51, pre_quals
person6, post_quals
person62, pre_quals
person63, post_generals
person67, post_generals
person68, post_generals
person70, pre_quals
person73, post_quals
person75, post_generals
person80, post_generals
person81, post_generals
person83, post_quals
person89, post_generals
person9, post_generals
person92, post_generals
person94, pre_quals
person96, post_generals
person99, post_quals
