title10, person13
title100, person113
title100, person41
title101, person80
title102, person257
title103, person352
title104, person242
title107, person314
title108, person402
title109, person81
title110, person14
title111, person306
title112, person347
title115, person380
title116, person410
title116, person81
title118, person14
title118, person208
title118, person318
title118, person353
title118, person408
title119, person257
title120, person347
title122, person262
title123, person142
title124, person376
title125, person148
title126, person77
title128, person77
title13, person13
title131, person253
title137, person206
title137, person322
title14, person429
title141, person126
title141, person255
title141, person357
title142, person183
title142, person429
title143, person419
title146, person411
title147, person63
title149, person204
title15, person410
title150, person148
title153, person306
title157, person253
title159, person75
title161, person13
title162, person193
title166, person352
title168, person80
title169, person403
title169, person80
title17, person80
title170, person314
title171, person161
title172, person314
title173, person212
title175, person242
title176, person80
title178, person63
title18, person77
title180, person99
title181, person300
title182, person63
title185, person113
title185, person404
title186, person204
title186, person99
title189, person80
title195, person380
title20, person75
title201, person404
title203, person113
title203, person404
title205, person242
title206, person15
title206, person89
title206, person92
title208, person352
title210, person138
title214, person253
title215, person242
title216, person77
title217, person161
title220, person142
title222, person314
title222, person63
title224, person347
title225, person63
title226, person380
title231, person380
title235, person77
title236, person63
title237, person80
title242, person89
title242, person92
title244, person376
title245, person253
title247, person80
title248, person13
title25, person21
title25, person284
title250, person161
title254, person257
title257, person183
title257, person429
title26, person13
title260, person347
title261, person262
title261, person352
title261, person406
title261, person63
title262, person100
title262, person89
title263, person142
title264, person376
title268, person161
title269, person73
title271, person161
title272, person410
title274, person257
title275, person13
title276, person249
title277, person204
title279, person242
title28, person80
title281, person100
title281, person154
title282, person253
title284, person14
title285, person80
title286, person204
title286, person99
title287, person138
title287, person242
title287, person77
title289, person403
title29, person262
title290, person262
title291, person242
title294, person126
title294, person255
title294, person357
title295, person314
title298, person77
title3, person204
title300, person80
title301, person314
title301, person63
title302, person217
title303, person376
title304, person241
title304, person81
title309, person77
title31, person419
title311, person77
title314, person262
title314, person352
title314, person406
title314, person63
title316, person14
title317, person77
title318, person380
title320, person376
title321, person242
title325, person45
title325, person83
title326, person397
title329, person45
title330, person242
title331, person161
title333, person13
title338, person347
title339, person403
title339, person80
title342, person80
title344, person13
title35, person300
title37, person100
title37, person154
title4, person300
title40, person239
title41, person262
title42, person402
title43, person403
title44, person45
title45, person410
title45, person81
title46, person403
title46, person80
title47, person352
title5, person63
title50, person352
title52, person218
title53, person403
title54, person13
title55, person161
title56, person253
title58, person403
title60, person410
title62, person138
title63, person73
title64, person419
title65, person80
title66, person242
title67, person218
title68, person253
title69, person204
title7, person403
title71, person14
title72, person262
title73, person249
title75, person253
title77, person77
title79, person352
title79, person45
title82, person352
title84, person13
title86, person262
title86, person347
title86, person352
title86, person406
title86, person63
title87, person352
title90, person148
title93, person410
title95, person249
title96, person403
title96, person80
title97, person347
title97, person63
title99, person300
title99, person435
title0, person240
title0, person415
title1, person393
title1, person40
title10, person240
title101, person234
title102, person240
title103, person240
title103, person292
title103, person415
title104, person165
title104, person29
title105, person324
title105, person331
title106, person335
title106, person5
title107, person415
title108, person235
title109, person342
title109, person393
title11, person211
title11, person407
title110, person407
title111, person393
title113, person211
title113, person407
title114, person211
title114, person407
title115, person79
title116, person342
title116, person393
title117, person234
title117, person375
title118, person150
title119, person240
title12, person407
title12, person415
title120, person407
title121, person234
title121, person82
title122, person415
title123, person393
title124, person107
title125, person171
title126, person298
title127, person331
title127, person378
title128, person298
title129, person165
title129, person29
title13, person240
title130, person335
title130, person5
title131, person101
title132, person211
title132, person407
title133, person101
title133, person124
title135, person342
title135, person393
title136, person331
title136, person378
title137, person342
title137, person72
title138, person165
title138, person331
title139, person101
title139, person98
title14, person335
title140, person240
title140, person415
title141, person101
title141, person104
title141, person124
title141, person234
title141, person235
title143, person179
title144, person234
title144, person82
title146, person373
title147, person171
title147, person415
title148, person101
title148, person98
title149, person104
title15, person342
title150, person171
title152, person331
title152, person378
title153, person393
title154, person331
title154, person378
title155, person165
title155, person29
title157, person101
title158, person324
title158, person331
title159, person331
title160, person211
title160, person407
title161, person240
title162, person185
title163, person290
title163, person82
title164, person331
title164, person378
title165, person211
title165, person407
title166, person292
title167, person240
title167, person407
title168, person234
title169, person107
title169, person234
title17, person107
title17, person234
title170, person171
title171, person407
title172, person415
title173, person180
title174, person101
title174, person98
title175, person165
title175, person29
title176, person107
title176, person234
title177, person240
title177, person407
title178, person171
title179, person407
title179, person415
title18, person298
title180, person104
title181, person342
title181, person393
title182, person407
title182, person415
title183, person394
title183, person72
title184, person165
title184, person29
title186, person104
title186, person124
title187, person290
title187, person82
title189, person234
title19, person324
title19, person331
title190, person211
title190, person407
title192, person240
title192, person407
title193, person165
title193, person378
title194, person234
title194, person375
title195, person79
title196, person234
title196, person82
title197, person101
title197, person98
title198, person107
title198, person234
title199, person211
title199, person407
title2, person101
title2, person98
title20, person331
title200, person165
title200, person29
title201, person72
title202, person331
title202, person378
title204, person234
title204, person82
title205, person165
title205, person29
title207, person211
title207, person407
title208, person240
title208, person415
title209, person107
title209, person234
title21, person324
title21, person331
title210, person324
title211, person290
title211, person82
title212, person211
title212, person407
title213, person234
title213, person375
title214, person101
title214, person124
title215, person165
title215, person29
title216, person298
title217, person240
title217, person407
title218, person211
title218, person407
title220, person393
title221, person290
title221, person82
title222, person415
title223, person101
title223, person98
title224, person407
title225, person171
title226, person79
title227, person104
title227, person124
title228, person211
title228, person407
title229, person211
title229, person407
title23, person290
title23, person82
title231, person79
title232, person290
title232, person82
title233, person211
title233, person407
title234, person234
title234, person82
title235, person298
title236, person415
title237, person234
title238, person211
title238, person407
title239, person234
title239, person375
title24, person211
title24, person407
title240, person211
title240, person407
title241, person211
title241, person407
title243, person331
title243, person378
title244, person107
title245, person101
title245, person124
title246, person104
title246, person124
title247, person234
title248, person240
title249, person234
title249, person82
title25, person211
title25, person407
title250, person407
title251, person290
title251, person82
title253, person124
title253, person290
title254, person240
title255, person211
title255, person407
title256, person290
title256, person82
title258, person407
title258, person415
title259, person211
title259, person407
title26, person240
title260, person407
title263, person342
title264, person107
title266, person407
title266, person415
title267, person104
title267, person124
title268, person240
title268, person407
title269, person171
title269, person415
title27, person324
title27, person331
title270, person240
title270, person407
title271, person407
title272, person342
title272, person393
title273, person407
title273, person415
title274, person240
title275, person240
title276, person331
title277, person104
title279, person29
title28, person234
title280, person290
title280, person82
title281, person235
title282, person101
title282, person124
title283, person407
title283, person415
title284, person407
title285, person234
title289, person234
title29, person415
title290, person415
title291, person165
title291, person29
title292, person211
title292, person407
title294, person101
title294, person124
title294, person234
title294, person235
title295, person415
title297, person407
title297, person415
title298, person298
title299, person290
title299, person82
title3, person234
title30, person394
title30, person72
title300, person107
title301, person415
title302, person342
title302, person72
title303, person107
title304, person342
title304, person393
title306, person290
title306, person82
title307, person165
title307, person29
title308, person331
title308, person378
title309, person298
title31, person101
title310, person211
title310, person407
title311, person298
title312, person407
title312, person415
title315, person234
title315, person82
title316, person407
title317, person298
title318, person79
title32, person290
title32, person82
title320, person107
title321, person165
title321, person29
title322, person393
title322, person40
title323, person211
title323, person407
title324, person165
title324, person29
title325, person211
title325, person415
title326, person378
title327, person331
title327, person378
title328, person331
title328, person378
title329, person211
title329, person415
title33, person240
title33, person407
title330, person165
title330, person29
title331, person240
title331, person407
title332, person234
title332, person82
title333, person240
title334, person331
title334, person378
title335, person211
title335, person407
title337, person240
title337, person415
title338, person179
title338, person235
title339, person234
title34, person290
title34, person82
title340, person240
title340, person415
title341, person211
title341, person407
title342, person234
title343, person290
title343, person82
title344, person240
title345, person211
title345, person407
title346, person393
title346, person40
title347, person407
title347, person415
title35, person342
title35, person393
title36, person290
title36, person82
title37, person235
title38, person407
title38, person415
title4, person393
title40, person293
title41, person292
title41, person415
title42, person235
title43, person234
title44, person211
title44, person415
title45, person342
title45, person393
title46, person234
title47, person240
title47, person292
title47, person415
title48, person104
title48, person124
title48, person234
title49, person211
title49, person407
title5, person407
title5, person415
title50, person292
title51, person179
title51, person235
title52, person101
title53, person234
title54, person240
title55, person407
title56, person101
title58, person234
title59, person211
title59, person407
title6, person290
title6, person82
title60, person393
title61, person290
title61, person82
title62, person324
title63, person171
title63, person415
title64, person179
title65, person234
title66, person29
title67, person101
title68, person101
title69, person234
title7, person234
title70, person171
title70, person415
title71, person211
title71, person407
title72, person292
title72, person415
title73, person331
title74, person234
title74, person375
title75, person101
title76, person234
title76, person82
title77, person298
title79, person211
title79, person415
title8, person101
title8, person98
title80, person234
title80, person82
title81, person234
title81, person82
title82, person240
title82, person415
title84, person240
title85, person342
title85, person393
title87, person415
title88, person211
title88, person407
title89, person211
title89, person407
title9, person290
title9, person375
title9, person82
title90, person171
title91, person234
title91, person375
title92, person240
title92, person407
title93, person393
title94, person171
title94, person415
title95, person331
title96, person107
title96, person234
