person435, person279
person113, person394
person228, person394
person41, person394
person113, person342
person142, person342
person206, person342
person217, person342
person228, person342
person300, person342
person81, person342
person122, person72
person157, person72
person200, person72
person206, person72
person217, person72
person404, person72
person18, person335
person362, person335
person429, person335
person9, person335
person118, person5
person183, person5
person263, person5
person362, person5
person96, person5
person67, person375
person100, person235
person154, person235
person391, person235
person426, person235
person126, person213
person411, person373
person116, person124
person130, person124
person154, person124
person357, person124
person129, person179
person374, person179
person376, person179
person426, person179
person129, person234
person403, person234
person80, person234
person67, person98
person376, person107
person212, person180
person368, person180
person100, person104
person204, person104
person62, person104
person89, person104
person99, person104
person155, person101
person218, person101
person253, person101
person280, person101
person419, person101
person92, person101
person159, person201
person68, person201
person242, person165
person288, person165
person303, person165
person6, person165
person141, person331
person249, person331
person75, person331
person226, person324
person348, person324
person309, person378
