person299, person375
person15, person150
person429, person72
person41, person213
person284, person298
person417, person234
person73, person124
person277, person297
person130, person292
person309, person298
person13, person292
person139, person292
person96, person79
person139, person171
person183, person324
person129, person292
person309, person292
person303, person407
person257, person297
person14, person46
person149, person290
person14, person292
person183, person40
person272, person179
person206, person168
person412, person5
person374, person98
person311, person378
person183, person124
person416, person415
person129, person98
person368, person378
person148, person103
person183, person201
person130, person415
person299, person22
person67, person342
person149, person293
person222, person373
person241, person180
person312, person324
person314, person52
person262, person171
person139, person293
person280, person292
person139, person168
person374, person319
person126, person179
person272, person46
person403, person235
person116, person378
person333, person292
person206, person22
person380, person150
person129, person46
person218, person279
person205, person107
person161, person375
person163, person107
person312, person335
person432, person298
person406, person179
person73, person375
person80, person40
person391, person150
person383, person5
person67, person171
person161, person201
person139, person22
person272, person101
person419, person373
person187, person373
person51, person165
person129, person213
person380, person319
person14, person279
person212, person290
person383, person104
person283, person82
person67, person407
person163, person124
person172, person375
person380, person101
person357, person415
person75, person293
person67, person180
person142, person290
person142, person375
person320, person107
person406, person98
person9, person5
person361, person342
person377, person234
person253, person293
person172, person319
person27, person82
person383, person211
person299, person179
person18, person168
person191, person46
person187, person180
person67, person319
person417, person124
person418, person98
person381, person373
person390, person72
person368, person342
person352, person293
person122, person103
person406, person293
person18, person150
person249, person79
person73, person171
person368, person293
person42, person168
person6, person180
person81, person234
person263, person189
person142, person72
person320, person234
person239, person298
person412, person103
person41, person375
person154, person351
person303, person375
person149, person415
person361, person407
person253, person98
person217, person179
person432, person407
person68, person415
person89, person342
person204, person297
person427, person82
person314, person211
person380, person201
person300, person378
person300, person234
person263, person213
person63, person373
person155, person240
person176, person297
person253, person375
person417, person279
person418, person319
person276, person297
person89, person101
person253, person107
person300, person40
person92, person342
person148, person104
person263, person40
person141, person297
person280, person293
person187, person378
person212, person335
person262, person201
person408, person179
person312, person46
person149, person407
person159, person335
person205, person342
person217, person101
person381, person189
person265, person335
person96, person40
person186, person290
person159, person82
person303, person290
person266, person279
